id,first_name,last_name,age,street,zip
1,Ann,Steele,40,Vofu Street,54678
2,Hallie,Summers,26,Bocdas Avenue,29367
3,Allen,Davidson,48,Ribon View,41634
4,Chad,Armstrong,65,Tidkus Ridge,26361
5,Rose,Watson,53,Baija Lane,18364
6,Mittie,Marsh,21,Kaksu Circle,83635
7,Alex,Murray,47,Vulezu Highway,79281
8,Cecelia,Huff,62,Wucse Point,55205
9,William,Tucker,22,Ditir Turnpike,43635
10,Walter,Hopkins,64,Suguji Avenue,45706
11,Ina,Gregory,34,Lofor Extension,55235
12,Betty,Shaw,49,Zimuko Lane,16871
13,Ronald,Allen,35,Iwepob Street,40983
14,Marian,Guerrero,55,Apiwo Path,53896
15,Rodney,Robertson,23,Metpar View,25697
16,Ella,Sherman,46,Tolapi Highway,94666
17,Johanna,Roberts,55,Arwuz Pass,41562
18,Elijah,May,45,Cezfuc Glen,43853
19,Lucille,Carlson,46,Kura Loop,10386
20,Elnora,Huff,43,Cuwal Turnpike,11894
21,Celia,Zimmerman,44,Bimse Road,23057
22,Maggie,Alvarado,54,Mibsup Circle,31651
23,Calvin,Fuller,24,Vaju Turnpike,14586
24,Annie,Richards,51,Hoda Boulevard,11474
25,Isaac,Flowers,62,Kije Manor,76681
26,Lettie,Watkins,65,Kinsut Court,50386
27,Estella,Hodges,50,Ujkuv Road,52382
28,Ryan,Dixon,37,Bilusa Mill,09021
29,Rodney,Rice,47,Hiil Court,46754
30,Lilly,Hammond,53,Himo Terrace,26719
31,Jackson,Palmer,26,Hocig Way,40802
32,Ricky,Roberts,58,Lirje Loop,76622
33,Luis,Boone,27,Tadsig Ridge,01605
34,Matthew,Ramirez,36,Fugmov Place,41545
35,Grace,Kim,64,Wolcuf Lane,62917
36,Susan,Moore,38,Anota Key,67388
37,Rose,Garza,43,Fawew Mill,99263
38,Mollie,Cross,41,Nufza Lane,29623
39,Hettie,Benson,43,Zupwe Drive,97973
40,Lillie,Craig,60,Sefar Glen,36957
41,Elnora,Nunez,43,Tuhfu Manor,16229
42,Harold,McDaniel,28,Poal Loop,24278
43,Noah,Williamson,32,Hapcew Manor,65241
44,Mattie,Hernandez,28,Ceku Circle,70082
45,Kyle,Foster,59,Vejoc Court,80770
46,Julia,Mendez,54,Limomi Square,44925
47,Dennis,Rowe,44,Ruluvi River,85738
48,Dorothy,Norris,38,Gijafo Park,51236
49,Evelyn,Baldwin,34,Henzor Loop,66918
50,Chester,Tyler,19,Bezoz Pass,36392
51,Stephen,Pearson,38,Sivos Street,26240
52,Vera,Morgan,23,Anivu Trail,02022
53,Donald,Jackson,56,Olror Boulevard,03898
54,Dorothy,Blair,20,Sifzi Pass,72860
55,Harriet,Barnett,20,Peges Turnpike,99637
56,Eliza,Steele,35,Pamuz Pike,02839
57,Harold,Austin,35,Becnaz Plaza,37026
58,Melvin,Nelson,42,Utahog Parkway,57759
59,Raymond,Miller,39,Zinpa Junction,72222
60,Sean,Allison,60,Vacna Heights,91737
61,Harriett,Lambert,55,Toto Ridge,10072
62,Irene,Ramirez,42,Miin Boulevard,42576
63,Ronald,Washington,28,Tubihe Parkway,77601
64,Eugenia,Wolfe,64,Cehac Boulevard,91659
65,Beulah,Evans,63,Apli Avenue,84958
66,Sophia,Mills,24,Kebi Point,55051
67,Jean,Jennings,21,Refvo Mill,08183
68,Jimmy,White,40,Ekagik Road,19214
69,Alan,Garner,55,Umdam Pass,24971
70,Norman,Tate,19,Lowob Circle,34490
71,Lester,Quinn,31,Seaw Extension,00994
72,Christopher,Parker,33,Zedew Road,49615
73,Mike,Smith,43,Nedon Loop,81693
74,Marie,Garza,59,Rovem Junction,26617
75,Jordan,McKenzie,55,Ukved Point,65997
76,Aaron,Vega,61,Denog Mill,31489
77,Jay,Walker,23,Hugru Terrace,33461
78,Daniel,Byrd,20,Omnuw Square,41232
79,Harvey,Mendez,46,Ofjec Turnpike,27007
80,Gerald,Gordon,23,Ewzu Trail,70677
81,Curtis,Bowen,48,Asmel Grove,64656
82,Francis,Rhodes,65,Zuhmiz Boulevard,98117
83,Steven,Sanders,26,Omeni Circle,51023
84,Alex,Carter,52,Doru Drive,83584
85,Edwin,Jones,58,Civu Square,31181
86,Angel,Davidson,27,Izum Road,73784
87,Wayne,Gilbert,46,Agmes Glen,42138
88,Nathaniel,Burton,51,Kona Place,02655
89,Dennis,Stone,56,Nektuj Manor,64030
90,Luke,Lindsey,36,Irifo Key,26050
91,Loretta,Crawford,37,Lenok Circle,19945
92,Violet,Lindsey,64,Izavu Center,65171
93,Lillie,Ward,62,Muvpuk Terrace,78835
94,Verna,Klein,51,Viuj Junction,96247
95,Roy,Lowe,52,Takbew Pass,71946
96,Isabella,Cobb,20,Avejan Drive,19504
97,Harriett,Hunter,58,Piksan Center,98392
98,Estella,Flowers,54,Aztus Place,04186
99,Rosalie,Beck,64,Luve Terrace,05262
100,Henrietta,Myers,37,Tawe Loop,03303
